run,settle_time_after_slew,ape_los_on_target_p9973,wheel_momentum_peak,inertia_scale_x,inertia_scale_y,inertia_scale_z,residual_dipole_Am2,cm_offset_mm,initial_error_deg,arg_lat_deg
1,14.9,0.00492172842,0.00370471305,0.909923311,0.909832866,0.950916987,0.00942534369,25.5750456,0.918677167,248.712624
2,0,0.0076691163,0.00305614629,0.988510617,1.05924582,1.08301591,0.00501101885,13.0055539,0.525186108,144.807456
3,10.7,0.00501525622,0.00355528953,0.91791632,1.00811594,0.936677417,0.00960395419,29.1337437,0.120540541,285.209512
4,0,0.00703665344,0.00366881601,1.057493,0.94219642,1.04995123,0.00598484906,19.9560931,0.576480344,87.1452338
5,17,0.00651911988,0.00346927063,0.900463682,1.00350239,1.05003376,0.0145126674,14.2702217,0.911759548,200.362278
6,1.3,0.00568706663,0.0036845017,1.03526656,0.977677308,0.978921014,0.013718216,17.8899994,0.457730031,9.44127003
7,0,0.00611781806,0.00357585022,1.0371468,0.912965634,0.956010958,0.012028164,16.5802663,0.293308953,99.6087673
8,0,0.00582725238,0.00348011532,1.01577137,1.04369746,0.928275134,0.0181572369,27.4509242,0.5062635,293.022169
9,0,0.00532293395,0.0032164006,1.06455983,0.919156158,0.992911235,0.00675354891,21.5897111,0.154449608,130.150877
10,14.3,0.00525811637,0.00302075742,0.927791091,0.922716951,1.08558669,0.0178378918,23.4346116,0.675557343,153.818175
11,0,0.00520143206,0.00307946583,1.02186611,0.948867055,0.974652122,0.0141449583,15.5405861,0.920273005,155.952324
12,0,0.00497508372,0.00309747709,1.04014353,1.06536118,0.928171546,0.00777861348,12.0840905,0.485820522,328.235756
13,9.1,0.00636408134,0.00373235072,0.967354834,1.09466028,1.01047683,0.01696229,14.9124109,0.371712018,269.335508
14,12.9,0.00737096858,0.00374714799,0.972524842,1.01657477,1.01761698,0.00904415001,29.9846624,0.827504132,34.8729377
15,0,0.00634682948,0.00362748186,1.08552311,1.06611768,1.00688511,0.0181856787,14.1315109,0.880161068,258.986835
16,11.1,0.00546398265,0.00363137045,1.09964936,1.04060468,0.996513966,0.00614638981,14.1734385,0.700926798,205.586753
17,0,0.00603763527,0.00336699186,0.992969693,1.07232012,1.00800652,0.00696168459,29.6229241,0.54974286,117.464442
18,0,0.00621848777,0.00366572293,1.04754658,0.920864195,0.955906285,0.0162992908,26.9080588,0.632399079,201.098474
19,0,0.00594648724,0.00376999462,1.02404926,0.940407671,1.0079005,0.00804698469,24.9245977,0.430492891,73.6441039
20,7.8,0.00542261748,0.00367992693,1.00690531,1.03981944,1.05062561,0.00611854508,16.4943404,0.613408928,252.598908
21,12.2,0.00602218821,0.003073346,0.966359419,1.06622173,1.09255083,0.0144676199,11.1832735,0.577907236,332.5061
22,6.7,0.00539008569,0.0035049764,1.06436533,0.920977633,1.03378518,0.0119161326,22.2357674,0.205646601,101.200726
23,1.8,0.00637943108,0.00309568556,0.937592752,0.983480826,1.04729528,0.0102819293,13.7578058,0.217572791,137.147358
24,0,0.00659291954,0.00295207171,1.08356365,0.978466519,0.933284113,0.0140158341,28.6375326,0.44361455,168.377643
25,15.5,0.00625929224,0.00369348862,0.92837814,1.05212924,0.958099565,0.0128670659,13.1181268,0.64981728,220.652179
26,14.6,0.00536699703,0.00360540875,0.934341811,1.00774063,1.01865846,0.0162566594,24.292898,0.960743375,265.75899
27,0,0.0058783098,0.00378080209,1.0230148,1.09348498,0.913743963,0.00795849075,26.864102,0.526196112,20.3385537
28,0,0.00640636001,0.00376207093,0.974060262,0.908197308,0.915212516,0.00550690489,11.9792927,0.375677015,59.5427759
29,0,0.00650318703,0.00309425972,0.984658908,0.90691319,0.992971703,0.0161707354,21.8468374,0.992575974,352.890309
30,0,0.00527501089,0.00368673982,1.07817733,0.990760577,0.923747862,0.00690797807,16.40162,0.146000279,261.073114
31,0,0.00575672492,0.00360041381,1.07656537,1.08781862,0.908845573,0.0124995394,12.7844139,0.889343246,198.966019
32,9,0.00522750412,0.00370109511,0.982474409,1.08500927,1.0607293,0.0115623949,10.6193484,0.250639919,231.821485
33,14.4,0.00753081353,0.00361737965,0.922627056,1.09894549,1.07664629,0.00934984957,15.9042278,0.682482194,203.397309
34,19.1,0.00592570756,0.00315752435,0.912481798,1.06514079,1.09608755,0.0177926488,17.4042601,0.440522756,321.482387
35,0,0.00634939378,0.00358671232,0.975977028,1.05341256,0.955014686,0.0120876576,10.113233,0.57784277,264.781699
36,0,0.00509152894,0.00364412959,0.941281168,0.966971523,0.986723381,0.00922766929,14.9515414,0.559688881,46.8009497
37,0,0.00544800958,0.003073072,0.982303772,0.902047896,0.96924942,0.0199013975,17.9567348,0.442879726,151.199224
38,0,0.00534620125,0.00346894986,1.03598852,1.0481043,1.06373292,0.0159382826,23.0027594,0.343390097,101.101799
39,0,0.00555105484,0.0031893807,1.06270955,0.950707737,0.993391541,0.0132789531,29.0041376,0.665167809,325.053021
40,0,0.00487195082,0.00386925233,1.09579231,1.06678818,1.09190229,0.0116858514,14.8606345,0.390881551,34.0673143
