t_s,alt_km,rho,T_K,nO,Cd,A_proj_m2,yaw_deg
0,300,1.160200905e-11,978.8644683,2.478263284e+14,5.729844245,0.09947140563,-90
30,300.0195602,1.158067747e-11,975.350315,2.50289007e+14,5.879546021,0.100213501,-101.2386908
60,300.078164,1.154320028e-11,971.5117267,2.526511735e+14,5.916551546,0.1009190517,-111.6972237
90,300.1754951,1.148977647e-11,967.3403849,2.54892481e+14,6.425097363,0.1101721503,-120.8810111
120,300.3110417,1.142075041e-11,962.8311445,2.5698941e+14,6.730643261,0.1156387401,-128.6470656
150,300.4840901,1.133659429e-11,957.982486,2.589154771e+14,7.068939128,0.1216067366,-135.0912842
180,300.693729,1.12378864e-11,952.7969472,2.606415759e+14,7.422963637,0.1277619229,-140.4102283
210,300.9388537,1.112528901e-11,947.2815157,2.621364997e+14,7.776660082,0.1338218653,-144.8136388
240,301.2181721,1.099952778e-11,941.4479601,2.633676525e+14,8.116445355,0.1395598803,-148.4866599
270,301.5302113,1.086137426e-11,935.3130795,2.643019425e+14,8.432099579,0.1448156368,-151.5801205
300,301.8733248,1.071163275e-11,928.8988518,2.649068419e+14,8.717004126,0.1494940731,-154.2126053
330,302.2457017,1.055113228e-11,922.2324617,2.651515819e+14,8.967823533,0.1535558361,-156.4760714
360,302.6453751,1.038072403e-11,915.3461947,2.650084359e+14,9.183840896,0.1570034659,-158.4416523
390,303.0702329,1.020128349e-11,908.2771842,2.644540281e+14,9.366177972,0.1598671614,-160.1645702
420,303.5180281,1.001371656e-11,901.067007,2.634705979e+14,9.517074055,0.1621926063,-161.6879858
450,303.9863904,9.818967737e-12,893.7611238,2.62047132e+14,9.639313918,0.1640318764,-163.0459154
480,304.4728384,9.618028547e-12,886.4081706,2.601802854e+14,9.735825531,0.1654373936,-164.2654111
510,304.974792,9.411944073e-12,879.059111,2.57875009e+14,9.809427524,0.1664583696,-165.3681856
540,305.4895855,9.201815679e-12,871.7662668,2.551448224e+14,9.862690767,0.1671390425,-166.3718246
570,306.0144812,8.988798314e-12,864.5822489,2.520116872e+14,9.897878289,0.1675180798,-167.2906971
600,306.5466829,8.774091479e-12,857.5588164,2.485054701e+14,9.916934361,0.1676286729,-168.1366435
630,307.0833501,8.558923625e-12,850.745697,2.446630118e+14,9.921501724,0.1674989947,-168.9194992
660,307.6216123,8.344530608e-12,844.1894027,2.405268582e+14,9.912952999,0.1671528112,-169.6474971
690,308.1585832,8.132129502e-12,837.9320791,2.361437314e+14,9.892427679,0.1666101253,-170.3275794
720,308.6913749,7.922889713e-12,832.0104252,2.315628469e+14,9.86086974,0.1658877884,-170.9656407
750,309.2171126,7.717903638e-12,826.4547206,2.268341906e+14,9.819063197,0.1650000475,-171.5667198
780,309.7329485,7.51815921e-12,821.2879929,2.220068711e+14,9.767664327,0.1639590182,-172.1351518
810,310.2360756,7.324516476e-12,816.5253569,2.171276505e+14,9.707230035,0.1627750854,-172.6746891
840,310.7237421,7.137689925e-12,812.1735493,2.122397372e+14,9.638242245,0.1614572367,-173.1886
870,311.1932643,6.958237734e-12,808.2306782,2.073818952e+14,9.561128415,0.1600133372,-173.6797476
900,311.64204,6.786558418e-12,804.6862001,2.025878954e+14,9.476278333,0.1584503556,-174.1506547
930,312.0675607,6.622894778e-12,801.5211296,1.978863033e+14,9.384057467,0.1567745477,-174.6035574
960,312.4674244,6.467344456e-12,798.7084795,1.933005732e+14,9.284817147,0.1549916065,-175.0404491
990,312.8393466,6.319876028e-12,796.2139214,1.888493978e+14,9.178901926,0.1531067839,-175.4631171
1020,313.1811718,6.18034924e-12,793.9966507,1.845472511e+14,9.066654509,0.1511249895,-175.8731738
1050,313.4908836,6.048537945e-12,792.0104318,1.804050545e+14,8.948418669,0.1490508715,-176.2720829
1080,313.7666143,5.924154278e-12,790.2047936,1.764309024e+14,8.824540583,0.1468888812,-176.6611808
1110,314.0066544,5.80687272e-12,788.5263413,1.726307854e+14,8.695369022,0.1446433269,-177.0416968
1140,314.2094604,5.696352948e-12,786.9201444,1.690092634e+14,8.561254789,0.1423184169,-177.4147684
1170,314.3736623,5.592260556e-12,785.3311599,1.655700535e+14,8.422549733,0.1399182945,-177.7814566
1200,314.4980706,5.49428501e-12,783.7056484,1.623165112e+14,8.279605641,0.137447067,-178.1427578
1230,314.5816818,5.402154433e-12,781.9925409,1.592519956e+14,8.132773175,0.1349088296,-178.4996155
1260,314.6236837,5.315647033e-12,780.1447169,1.563801221e+14,7.982401011,0.1323076841,-178.8529303
1290,314.6234592,5.234599172e-12,778.1201575,1.537049137e+14,7.828835214,0.129647755,-179.2035689
1320,314.5805901,5.158910224e-12,775.8829441,1.51230868e+14,7.672418887,0.1269332028,-179.552373
1350,314.4948587,5.08854451e-12,773.404077,1.489629594e+14,7.513492041,0.1241682351,-179.9001675
1380,314.3662501,5.023530658e-12,770.6620967,1.469065991e+14,7.352391659,0.1213571154,179.7522324
1410,314.1949523,4.963958808e-12,767.6434971,1.450675702e+14,7.189451893,0.1185041716,179.404013
1440,313.981356,4.909976137e-12,764.3429262,1.434519551e+14,7.025004393,0.1156138026,179.0543549
1470,313.7260534,4.861781155e-12,760.7631762,1.420660668e+14,6.859378836,0.1126904849,178.7024252
1500,313.4298362,4.819617226e-12,756.9149714,1.409163933e+14,6.692903954,0.1097387787,178.3473696
1530,313.0936923,4.783765719e-12,752.8165658,1.400095571e+14,6.525909843,0.1067633332,177.9883043
1560,312.7188022,4.754539132e-12,748.4931677,1.3935229e+14,6.358733226,0.1037688928,177.6243069
1590,312.3065339,4.732274425e-12,743.9762106,1.389514187e+14,6.191728939,0.1007603033,177.2544066
1620,311.8584377,4.717326724e-12,739.3024949,1.388138542e+14,6.025293053,0.09774251841,176.8775736
1650,311.3762393,4.710063416e-12,734.5132248,1.389465757e+14,5.859905314,0.09472060735,176.4927075
1680,310.8618327,4.710858539e-12,729.6529676,1.393565961e+14,5.696199135,0.09169976326,176.098623
1710,310.3172721,4.720087287e-12,724.7685653,1.400508989e+14,5.535063192,0.08868531281,175.6940352
1740,309.7447629,4.738120334e-12,719.9080276,1.410363327e+14,5.377765672,0.08568272748,175.2775415
1770,309.1466522,4.76531762e-12,715.1194373,1.423194514e+14,5.226067595,0.08269763648,174.847601
1800,308.5254267,4.802020126e-12,710.4498972,1.439062612e+14,5.082260342,0.07973584196,174.4025099
