t_s,ax,ay,az,a_mag
0,-6.795247416e-09,4.057517966e-08,1.729634978e-08,4.462829044e-08
30,-6.851199786e-09,4.057666338e-08,1.733507505e-08,4.465321239e-08
60,-6.911146807e-09,4.056837795e-08,1.736548904e-08,4.466673762e-08
90,-6.722027021e-09,3.720839538e-08,1.624473713e-08,4.115266478e-08
120,-7.048638913e-09,3.57211668e-08,1.5523255e-08,3.958101204e-08
150,-7.268412508e-09,3.446788976e-08,1.483238322e-08,3.822126158e-08
180,-7.366639812e-09,3.345678347e-08,1.422420781e-08,3.709382469e-08
210,-7.371342551e-09,3.26566762e-08,1.371399268e-08,3.617829165e-08
240,-7.316699465e-09,3.202991551e-08,1.329798054e-08,3.544412314e-08
270,-7.229925384e-09,3.154244366e-08,1.296456443e-08,3.486083051e-08
300,-7.129377335e-09,3.116584436e-08,1.270012042e-08,3.440103101e-08
330,-7.026270979e-09,3.087708017e-08,1.249167123e-08,3.40412164e-08
360,-6.926892331e-09,3.065771033e-08,1.23279028e-08,3.376172726e-08
390,-6.834381359e-09,3.049307816e-08,1.219939429e-08,3.35464127e-08
420,-6.749970643e-09,3.037158591e-08,1.209850509e-08,3.338216829e-08
450,-6.673787283e-09,3.028407888e-08,1.201913632e-08,3.325845018e-08
480,-6.605351863e-09,3.022333582e-08,1.195646823e-08,3.316681826e-08
510,-6.5438807e-09,3.018365529e-08,1.19067169e-08,3.310053366e-08
540,-6.488464815e-09,3.016052528e-08,1.186692571e-08,3.305421889e-08
570,-6.438173264e-09,3.015036245e-08,1.183479371e-08,3.302357905e-08
600,-6.392110757e-09,3.015030829e-08,1.180853765e-08,3.300517734e-08
630,-6.349447997e-09,3.015807067e-08,1.178678253e-08,3.299625674e-08
660,-6.309435941e-09,3.017180132e-08,1.176847531e-08,3.299459938e-08
690,-6.271410771e-09,3.019000108e-08,1.175281699e-08,3.299841611e-08
720,-6.234793612e-09,3.021144676e-08,1.17392092e-08,3.300626001e-08
750,-6.199087399e-09,3.023513464e-08,1.172721196e-08,3.301695855e-08
780,-6.163872305e-09,3.026023663e-08,1.171651019e-08,3.302956031e-08
810,-6.128800534e-09,3.028606632e-08,1.170688698e-08,3.304329299e-08
840,-6.09359092e-09,3.031205246e-08,1.169820205e-08,3.305753024e-08
870,-6.05802358e-09,3.033771834e-08,1.16903744e-08,3.307176526e-08
900,-6.021934731e-09,3.036266556e-08,1.168336814e-08,3.308558975e-08
930,-5.985211714e-09,3.038656127e-08,1.167718089e-08,3.3098677e-08
960,-5.947788239e-09,3.040912814e-08,1.167183423e-08,3.311076824e-08
990,-5.909639835e-09,3.043013639e-08,1.166736578e-08,3.312166161e-08
1020,-5.870779492e-09,3.044939747e-08,1.166382276e-08,3.313120311e-08
1050,-5.831253472e-09,3.046675904e-08,1.166125653e-08,3.313927922e-08
1080,-5.79113728e-09,3.048210092e-08,1.165971822e-08,3.314581085e-08
1110,-5.750531772e-09,3.049533192e-08,1.165925512e-08,3.315074832e-08
1140,-5.709559412e-09,3.050638718e-08,1.165990787e-08,3.315406731e-08
1170,-5.668360647e-09,3.051522618e-08,1.166170816e-08,3.315576539e-08
1200,-5.627090438e-09,3.052183103e-08,1.166467718e-08,3.315585936e-08
1230,-5.585914914e-09,3.052620513e-08,1.166882442e-08,3.315438294e-08
1260,-5.545008198e-09,3.052837212e-08,1.167414711e-08,3.315138505e-08
1290,-5.504549382e-09,3.052837505e-08,1.168062997e-08,3.314692842e-08
1320,-5.464719698e-09,3.052627572e-08,1.168824545e-08,3.314108859e-08
1350,-5.425699869e-09,3.052215421e-08,1.169695437e-08,3.313395326e-08
1380,-4.217347173e-09,2.38873352e-08,9.163751317e-09,2.59300046e-08
1410,-2.813533489e-10,1.604172505e-09,6.16121802e-10,1.741302733e-09
1440,-0,0,0,0
1470,-0,0,0,0
1500,-0,0,0,0
1530,-0,0,0,0
1560,-0,0,0,0
1590,-0,0,0,0
1620,-0,0,0,0
1650,-0,0,0,0
1680,-0,0,0,0
1710,-0,0,0,0
1740,-0,0,0,0
1770,-0,0,0,0
1800,-0,0,0,0
