t_s,x,y,z,vx,vy,vz
0,6678137,0,0,0,-874.5808871,7676.09793
30,6674109.452,-26232.15141,230236.4907,-268.4753529,-874.0534054,7671.453873
60,6662031.743,-52432.66138,460194.4233,-536.6234328,-872.471675,7657.529314
90,6641918.586,-78569.92865,689595.6143,-804.1175413,-869.8376619,7634.34162
120,6613794.489,-104612.4306,918162.5745,-1070.631857,-866.1546389,7601.919703
150,6577693.718,-130528.7622,1145618.855,-1335.841864,-861.427183,7560.303983
180,6533660.249,-156287.6755,1371689.39,-1599.424787,-855.6611649,7509.546303
210,6481747.709,-181858.1176,1596100.841,-1861.06002,-848.8637407,7449.709857
240,6422019.306,-207209.2697,1818581.934,-2120.429543,-841.0433403,7380.869083
270,6354547.744,-232310.5848,2038863.795,-2377.218342,-832.2096542,7303.109547
300,6279415.13,-257131.8251,2256680.282,-2631.114813,-822.3736184,7216.527811
330,6196712.858,-281643.0996,2471768.312,-2881.811164,-811.5473974,7121.231279
360,6106541.498,-305814.9004,2683868.188,-3129.003809,-799.7443653,7017.338031
390,6009010.658,-329618.1387,2892723.909,-3372.393747,-786.9790854,6904.976644
420,5904238.843,-353024.18,3098083.49,-3611.686936,-773.2672885,6784.285994
450,5792353.299,-376004.8792,3299699.263,-3846.594658,-758.6258488,6655.41505
480,5673489.851,-398532.6141,3497328.176,-4076.833866,-743.0727596,6518.522652
510,5547792.724,-420580.3188,3690732.089,-4302.127527,-726.6271062,6373.777278
540,5415414.364,-442121.516,3879678.058,-4522.204948,-709.3090391,6221.356799
570,5276515.233,-463130.3485,4063938.613,-4736.802096,-691.1397446,6061.448225
600,5131263.614,-483581.61,4243292.027,-4945.6619,-672.1414154,5894.24744
630,4979835.393,-503450.7744,4417522.579,-5148.534541,-652.3372193,5719.95893
660,4822413.838,-522714.0253,4586420.811,-5345.177733,-631.7512674,5538.795499
690,4659189.371,-541348.2829,4749783.766,-5535.356993,-610.4085818,5350.977983
720,4490359.325,-559331.2315,4907415.232,-5718.845888,-588.3350615,5156.734949
750,4316127.705,-576641.3454,5059125.965,-5895.426282,-565.5574487,4956.3024
780,4136704.932,-593257.9128,5204733.91,-6064.88856,-542.1032934,4749.923459
810,3952307.585,-609161.0605,5344064.406,-6227.03185,-518.0009187,4537.848061
840,3763158.133,-624331.7761,5476950.391,-6381.66422,-493.2793842,4320.332636
870,3569484.672,-638751.9294,5603232.588,-6528.602874,-467.96845,4097.639784
900,3371520.636,-652404.2931,5722759.687,-6667.674327,-442.09854,3870.037955
930,3169504.527,-665272.5623,5835388.514,-6798.714578,-415.7007045,3637.801119
960,2963679.621,-677341.3723,5940984.194,-6921.569258,-388.8065835,3401.208437
990,2754293.677,-688596.3162,6039420.3,-7036.093778,-361.4483685,3160.543929
1020,2541598.646,-699023.9604,6130578.995,-7142.153462,-333.6587655,2916.096144
1050,2325850.367,-708611.8599,6214351.162,-7239.623666,-305.4709565,2668.157821
1080,2107308.269,-717348.5718,6290636.524,-7328.389892,-276.9185624,2417.025557
1110,1886235.059,-725223.6679,6359343.756,-7408.347886,-248.0356044,2162.999474
1140,1662896.421,-732227.7462,6420390.586,-7479.403729,-218.8564665,1906.382878
1170,1437560.696,-738352.4411,6473703.884,-7541.473918,-189.4158572,1647.481926
1200,1210498.576,-743590.4328,6519219.744,-7594.485439,-159.7487717,1386.605288
1230,981982.7842,-747935.455,6556883.553,-7638.375828,-129.8904542,1124.063817
1260,752287.7595,-751382.3022,6586650.051,-7673.093224,-99.87635931,860.1702025
1290,521689.3364,-753926.835,6608483.385,-7698.596414,-69.74211492,595.2386458
1320,290464.4256,-755565.9852,6622357.144,-7714.854868,-39.52348377,329.5845171
1350,58890.69337,-756297.7588,6628254.392,-7721.848773,-9.256325756,63.52402216
1380,-172753.7608,-756121.2386,6626167.689,-7719.569044,21.02343952,-202.6261342
1410,-404190.726,-755036.5857,6616099.096,-7708.017343,51.27987166,-468.5490835
1440,-635142.2022,-753045.0389,6598060.183,-7687.206079,81.4770472,-733.9281305
1470,-865330.723,-750148.9142,6572072.01,-7657.158404,111.5790976,-998.4470902
1500,-1094479.678,-746351.6021,6538165.112,-7617.908204,141.5502467,-1261.790626
1530,-1322313.632,-741657.5649,6496379.468,-7569.500071,171.3548495,-1523.644586
1560,-1548558.652,-736072.3315,6446764.46,-7511.98928,200.9574302,-1783.696345
1590,-1772942.618,-729602.4921,6389378.818,-7445.441748,230.3227208,-2041.635142
1620,-1995195.551,-722255.6914,6324290.567,-7369.933986,259.4156995,-2297.152421
1650,-2215049.922,-714040.6207,6251576.949,-7285.553044,288.2016292,-2549.942174
1680,-2432240.973,-704967.0084,6171324.344,-7192.396445,316.6460964,-2799.701281
1710,-2646507.028,-695045.6102,6083628.179,-7090.572107,344.7150497,-3046.129854
1740,-2857589.801,-684288.1972,5988592.823,-6980.198257,372.3748388,-3288.931579
1770,-3065234.709,-672707.5438,5886331.478,-6861.403335,399.5922536,-3527.814061
1800,-3269191.177,-660317.4141,5776966.062,-6734.325894,426.3345631,-3762.489172
