run,ape_3axis_last_orbit,ape_los_last_orbit,ake_los_last_orbit,power_mean,inertia_scale_x,inertia_scale_y,inertia_scale_z,residual_dipole_Am2,cm_offset_mm,F107,Kp,sigma_accom,reflectivity,initial_error_deg,arg_lat_deg
1,179.868399,116.261028,3.31023495,0.0143263339,1.02916344,1.03400822,0.939949086,0.0180092346,25.5967302,181.58087,5.3325968,0.705822386,0.673982714,7.10869028,98.4205427
2,179.968264,57.7885856,4.88290998,0.0126365586,0.947019612,1.01672137,0.947928412,0.0156744988,10.910061,169.487018,0.7787387,0.918121044,0.415573512,7.99964682,129.188539
3,149.570735,73.7644851,1.4200527,0.0126126479,1.0352735,0.928851659,0.923432492,0.0153175171,20.0795047,158.661393,1.55995384,0.830375717,0.419303718,31.1764358,275.604445
4,179.977394,71.2864213,1.99649964,0.00940232468,1.01541837,0.976144244,1.08161041,0.0140984045,15.8922057,163.56399,0.870996561,0.731056162,0.571157814,29.1208015,103.440768
5,179.937618,23.8316106,1.91287846,0.00988063935,0.900782758,0.978012757,0.904933749,0.0112000745,29.7826191,118.411565,5.47426353,0.756437613,0.434167797,17.7399338,185.847309
6,179.067395,112.578934,2.50725112,0.0137155798,1.07980757,0.90904041,0.900915545,0.0193210089,15.2396233,124.892192,1.07542029,0.88956103,0.614235928,28.8926088,233.575247
7,179.908281,63.8850262,2.73557157,0.0132770121,1.02479071,0.99640499,0.987145526,0.0177701005,27.0379067,143.00966,0.849304312,0.942954189,0.589221208,5.28537666,243.096618
8,179.984184,69.4166381,1.57875457,0.0123044189,1.0135536,1.02486883,1.05087725,0.014680928,15.5246465,141.454036,0.266515359,0.935090885,0.403499774,26.9296144,197.425656
9,179.999361,97.2917241,2.24071599,0.0158856228,1.09787876,1.06375139,1.02015857,0.0195882263,20.9613564,78.4788023,0.155232637,0.889545293,0.416268187,5.57213603,327.231877
10,179.993875,99.4095715,2.20593774,0.0134349419,1.00621926,1.05653984,1.00217863,0.0171137019,10.5706171,181.333503,1.65878247,0.766782937,0.736081757,15.2317123,47.7503697
11,179.998452,115.490329,5.16838155,0.00898312112,1.03387851,0.964790073,0.942333556,0.0100480298,23.6979307,148.103873,0.561424867,0.969499023,0.611512708,19.4627552,261.442676
12,179.973306,83.7422386,6.0766386,0.0125898507,0.928682473,1.04789632,0.918970833,0.0169429916,18.4797332,144.969287,0.512726547,0.802028351,0.689796253,28.2260241,218.235853
13,179.947578,73.1864786,2.72624953,0.0064553904,0.960936192,1.01120455,0.909116721,0.00521607275,29.8498808,133.844318,5.24619669,0.776260199,0.723584764,13.5523144,175.625401
14,179.969758,114.091592,2.32694023,0.011350119,0.927939403,1.05373962,1.07577204,0.0149160212,12.9086631,140.704447,0.81726807,0.736925865,0.389534694,35.3037226,317.573643
15,179.931869,131.903124,6.25326922,0.0120551882,0.922408816,0.987195809,1.01400389,0.0186464046,17.3754939,105.25863,3.3537887,0.769952501,0.881196567,34.8285712,53.2011363
16,179.95391,118.143704,4.81889497,0.0114644316,1.01668867,0.959381178,0.960374291,0.0147192703,25.3730391,186.77133,4.12093967,0.785425452,0.722359817,25.3107993,359.314262
17,179.994025,32.5065114,5.57565264,0.00632347472,0.914608701,0.954745787,0.90559951,0.00502938553,23.2526242,105.153087,2.78508232,0.886833073,0.845381954,5.60362063,282.89341
18,179.928947,16.2108461,1.09635113,0.00768587127,0.95859097,1.09604714,0.951256817,0.00623032864,10.3455485,213.105778,0.338523672,0.827131398,0.878997474,23.5813273,215.168536
19,179.996548,79.2635301,5.59608072,0.00968020034,1.09525979,1.02337976,0.992600594,0.0107439244,16.661067,164.250564,0.370292496,0.872608008,0.67223515,19.0538532,157.219027
20,179.998877,79.6317945,1.10304081,0.0128164141,1.06229432,0.949490159,0.911124492,0.0161749202,10.7885833,121.227928,3.25488116,0.743691939,0.640266415,36.0667652,38.905584
21,179.90345,165.153237,3.08452785,0.0144923955,0.955908384,1.06796585,1.08790551,0.0193640784,13.5383633,82.6810564,4.10380958,0.977064587,0.522161884,12.8879176,171.006848
22,158.737195,70.2081408,1.2416344,0.0108708771,1.05893566,0.987678637,0.943652799,0.013737675,11.1515122,105.657169,4.15731473,0.957264408,0.860774692,30.5689789,148.978644
23,179.970328,123.868269,5.39583863,0.00971228247,1.04641586,0.94672619,1.05380707,0.00839523286,18.5000056,183.51009,3.24230416,0.948620224,0.493912439,15.1857311,77.7861822
24,179.975695,163.616903,3.95350013,0.0128766078,0.914651627,1.01252171,1.03115943,0.0141324811,18.4149388,185.821408,5.26729957,0.704679721,0.770178732,35.9568547,334.972541
