run,ape_3axis_last_orbit,ape_los_last_orbit,ake_los_last_orbit,power_mean,edge_case,edge_high,inertia_scale_x,inertia_scale_y,inertia_scale_z
1,179.998359,10.6910336,1.5686913,0.0107723182,1,0,0.9,1.1,0.9
2,179.997055,6.15995948,4.68684359,0.0107531703,1,1,1.1,0.9,1.1
3,179.999921,59.1482944,1.31880155,0.00631632817,2,0,NaN,NaN,NaN
4,179.962708,97.4041322,0.92068532,0.013282628,2,1,NaN,NaN,NaN
5,139.424874,9.22680954,2.30711782,0.0105230032,3,0,NaN,NaN,NaN
6,179.94325,10.6252029,3.52947668,0.0106359461,3,1,NaN,NaN,NaN
7,113.754969,5.01805367,3.58658033,0.0105779119,4,0,NaN,NaN,NaN
8,179.988912,22.792639,1.44943383,0.0106642992,4,1,NaN,NaN,NaN
9,114.89144,10.7856897,1.04083199,0.0106390567,5,0,NaN,NaN,NaN
10,179.990934,11.0234152,4.16571347,0.0106473076,5,1,NaN,NaN,NaN
11,179.99086,7.04815107,4.06641987,0.010701364,6,0,NaN,NaN,NaN
12,179.958033,9.97397586,1.11170718,0.0107313032,6,1,NaN,NaN,NaN
13,179.992218,12.0294868,2.38446466,0.0107424915,7,0,NaN,NaN,NaN
14,179.961874,10.3592847,1.65448106,0.0108669215,7,1,NaN,NaN,NaN
15,167.929199,6.38371106,5.15327295,0.0109319212,8,0,NaN,NaN,NaN
16,179.983608,7.45310196,2.34916413,0.0104957315,8,1,NaN,NaN,NaN
17,179.98248,80.5630541,2.52004408,0.0132669706,0,1,1.1,0.9,1.1
