run,ape_los_p9973,ape_los_max,ape_3ax_p9973,ake_los_p9973,rate_stability_p9973,time_to_0p01_deg,wheel_momentum_peak,power_mean,inertia_scale_x,inertia_scale_y,inertia_scale_z,residual_dipole_Am2,cm_offset_mm,F107,sigma_accom,reflectivity,initial_error_deg,arg_lat_deg
1,0.0155554593,0.0171380105,0.0159107039,0.00203280565,0.00368350821,80.3,0.00340010178,1.55403425,1.02848707,0.963694311,1.05510597,0.0145523711,15.6884923,74.2682488,0.830339614,0.577615983,1.75638541,189.918885
2,0.0194141584,0.0207251288,0.0195651251,0.00203305395,0.0037820986,68.5,0.00298037573,1.55576025,1.09025317,1.06331873,0.993806075,0.00559180588,23.7626564,146.82809,0.729202746,0.842064062,2.48885494,309.356299
3,0.0200661127,0.0234868047,0.0202387858,0.00271896104,0.00391952356,71.6,0.00318679408,1.56063016,1.0969031,1.08358957,1.08230007,0.0157877369,14.9173382,186.519244,0.711501397,0.825072979,2.98063323,315.342058
4,0.0106817514,0.0132658169,0.010682475,0.00224395624,0.00372781673,59,0.00312387212,1.55589069,0.927854328,0.979030236,1.08645904,0.00632018953,26.3087302,137.907662,0.729903755,0.696998171,0.68245901,183.178068
5,0.00917665883,0.0111518089,0.00927985864,0.00224897689,0.00373901388,65.8,0.0029776202,1.55712155,0.948279862,0.943360139,1.07203727,0.0186574734,29.3587143,206.801787,0.839161536,0.470596645,2.14540373,246.987319
6,0.0110460557,0.0132806233,0.0111014635,0.00261713474,0.00374793774,67.9,0.00335500702,1.55591887,0.968073017,1.04867314,0.999260424,0.0103767674,14.3217343,140.36467,0.724101916,0.393720744,2.03050304,217.421014
7,0.00715227327,0.00906094566,0.00750409493,0.00275976702,0.00375078031,82.5,0.00307095795,1.55944269,0.906182705,1.02570725,0.937836654,0.00977754617,26.7167209,100.695354,0.912208364,0.630404755,1.34353252,71.7513103
8,0.00715292305,0.00850141001,0.00755110602,0.00311732108,0.00368986326,65.1,0.00356827233,1.5554184,0.903112057,1.02723585,0.988077147,0.00794722968,16.6805801,86.4610864,0.860217631,0.341153724,2.11622534,3.38759932
9,0.011912279,0.0147534649,0.0124385276,0.00331748634,0.00373455121,76.6,0.00332117818,1.56270706,0.943868946,0.963591466,1.09797896,0.0182090141,17.7643966,147.377657,0.95937875,0.668614326,2.6358799,48.8234355
10,0.0193112621,0.0217297136,0.0193312714,0.00355644759,0.0038584412,34.9,0.00281646631,1.55903071,1.07630057,0.925517581,0.914548653,0.0179597695,29.7024057,122.041696,0.924165083,0.821363416,2.22399684,121.157534
11,0.00841654985,0.0118434129,0.00908661998,0.00311668009,0.00364858246,84.3,0.00290975348,1.5597249,0.924055627,0.915701518,0.909081259,0.0187519815,21.5794163,125.162559,0.983886621,0.734412659,1.3122762,112.160257
12,0.014239972,0.0175473794,0.0143487132,0.00305103858,0.0036916725,70.7,0.00328614924,1.55609052,0.982174651,0.939043019,1.03941157,0.00556332508,25.2118291,186.89577,0.778210565,0.366514881,2.85434671,39.4990561
13,0.0137932972,0.0152783668,0.0140161505,0.00388689611,0.00362985568,68.1,0.00299244943,1.55733817,1.0104382,1.04580423,0.936155563,0.0120579185,28.8844213,216.697365,0.71782991,0.561703737,2.69352314,63.4679387
14,0.0108664577,0.0124942369,0.0111515992,0.00200013146,0.00360752182,72.5,0.00334369175,1.55858278,0.938814662,0.968629196,0.984300837,0.0119135645,22.9300144,139.327772,0.965204632,0.506661841,2.83196285,194.273811
15,0.010266146,0.0162792775,0.0104785821,0.00297831175,0.00373761531,64.9,0.00285237322,1.56055352,0.919175353,0.933463445,0.905217655,0.0166921993,10.0914409,92.0868083,0.774564683,0.674982473,2.20925681,128.160814
16,0.0182272364,0.0210742116,0.0182900141,0.00312184607,0.0037780889,76.7,0.00290429365,1.55703258,1.06990284,0.952814936,0.976292351,0.00680190513,29.5745844,132.001644,0.857487554,0.81913765,1.02091892,131.646749
17,0.0095925083,0.0162853988,0.0102203089,0.00315283545,0.0039068063,59.3,0.00323047027,1.55990159,0.910788245,1.00342794,1.00580754,0.0150948198,12.0213862,109.491784,0.8681964,0.33010748,0.926453095,66.455858
18,0.0148285711,0.0173037846,0.0149516826,0.00407963326,0.00372683704,62.7,0.00283749677,1.5582889,1.01850669,1.09591817,0.944468038,0.0114080469,29.1791658,77.2563235,0.852526036,0.609092164,1.07460105,113.944558
19,0.00740770868,0.0113361359,0.00784557202,0.00319908473,0.00355943407,63.5,0.00276754578,1.55986472,0.948803664,0.902578115,0.944593415,0.0148517066,22.0387018,216.442713,0.722704154,0.87638464,1.15338044,114.929844
20,0.0170401768,0.0202399253,0.0173564715,0.00232296622,0.00396229872,72.7,0.00286966352,1.55550365,1.02398775,1.05166431,1.07139283,0.011090305,25.8453641,208.393565,0.790902384,0.362070806,2.81957155,261.252684
21,0.00826093239,0.0101980509,0.00831741116,0.00352660028,0.0037238962,63.5,0.00292509895,1.5563026,0.947857715,0.902577668,0.924685691,0.0095196277,17.844856,194.936636,0.914043053,0.816396425,0.56939021,310.527818
22,0.017157888,0.0205163959,0.0171816541,0.00279687372,0.00368852143,86.6,0.00298135256,1.55846229,1.03048912,0.927371716,0.928746416,0.005176928,16.0953093,143.851482,0.708748482,0.713725379,1.21771752,147.912327
23,0.018645474,0.0209900411,0.0187405601,0.00352001235,0.00371994495,84.8,0.00316554287,1.5587503,1.04503541,0.975054684,0.916930966,0.00810673834,14.7465317,198.434535,0.710210878,0.359716915,2.73010086,322.131741
24,0.0153092879,0.0192603764,0.015421032,0.00206452372,0.00370423061,61.3,0.00293078775,1.55886365,1.02922665,0.998648855,1.083509,0.0154129075,21.0345625,98.6227653,0.777564447,0.466631476,1.7061999,257.900224
