name,itsg_dir,norad,alt_km,mass_kg,area_m2,Cd,Cr,has_acc,has_density,has_tudelft,tudelft_name,has_geometry,geom_dims_m,coverage_note,density_product
CHAMP,CHAMP,26405,450,522,0.767,3.0,1.3,yes,yes,yes,CHAMP,no,,2000-2010 (mission end 2010-09),neutralDensity_1.0
GRACE-A,GRACE-1,27391,480,487,0.955,2.5,1.3,yes,yes,yes,GRACE-A,no,,2002-2017,neutralDensity_1.0
GRACE-B,GRACE-2,27392,480,487,0.955,2.5,1.3,yes,yes,yes,GRACE-B,no,,2002-2017,neutralDensity_1.0
GRACE-FO-1,GRACEFO-1,43476,490,600,0.955,2.5,1.3,yes,yes,yes,GRACE-FO,no,,2018-present,neutralDensity_1.0
GRACE-FO-2,GRACEFO-2,43477,490,600,0.955,2.5,1.3,yes,yes,yes,GRACE-FO,no,,2018-present,neutralDensity_1.0
SWARM-A,Swarm-1,39452,460,473,0.955,3.0,1.3,no,no,yes,Swarm-A,no,,2013-present,
SWARM-B,Swarm-2,39451,510,473,0.955,3.0,1.3,no,no,yes,Swarm-B,no,,2013-present,
SWARM-C,Swarm-3,39453,460,473,0.955,3.0,1.3,no,no,yes,Swarm-C,no,,2013-present,
TERRASAR-X,TerraSAR-X,31698,514,1230,3.2,2.5,1.3,no,yes,no,,no,,2007-present (density from kinematic/POD),neutralDensity_1.0
TANDEM-X,TanDEM-X,36605,514,1340,3.2,2.5,1.3,no,yes,no,,no,,2010-present (density from kinematic/POD),neutralDensity_1.0
JASON-1,Jason-1,26997,1336,500,3.1,2.5,1.3,no,no,no,,no,,2001-2013 (high alt: drag negligible),
JASON-2,Jason-2,33105,1336,510,3.1,2.5,1.3,no,no,no,,no,,2008-2019,
JASON-3,Jason-3,41240,1336,510,3.1,2.5,1.3,no,no,no,,no,,2016-present,
METOP-A,MetOp-A,29499,817,4085,17.0,2.5,1.3,no,no,no,,no,,2006-2021,
METOP-B,MetOp-B,38771,817,4085,17.0,2.5,1.3,no,no,no,,no,,2012-present,
SENTINEL-1A,Sentinel-1A,39634,693,2300,10.0,2.5,1.3,no,no,no,,no,,2014-present,
SENTINEL-1B,Sentinel-1B,41456,693,2300,10.0,2.5,1.3,no,no,no,,no,,2016-2022,
SENTINEL-1C,Sentinel-1C,62261,693,2300,10.0,2.5,1.3,no,no,no,,no,,2024-present,
SENTINEL-2A,Sentinel-2A,40697,786,1140,5.0,2.5,1.3,no,no,no,,no,,2015-present,
SENTINEL-2B,Sentinel-2B,42063,786,1140,5.0,2.5,1.3,no,no,no,,no,,2017-present,
SENTINEL-2C,Sentinel-2C,60989,786,1140,5.0,2.5,1.3,no,no,no,,no,,2024-present,
SENTINEL-3A,Sentinel-3A,41335,814,1150,5.0,2.5,1.3,no,no,no,,no,,2016-present,
SENTINEL-3B,Sentinel-3B,43437,814,1150,5.0,2.5,1.3,no,no,no,,no,,2018-present,
SENTINEL-6A,Sentinel-6A,46984,1336,1440,5.0,2.5,1.3,no,no,no,,no,,2020-present,
