section,key,label,unit,value,lo,hi,level,note
meta,meta.schema,Case format,,adcs-case/1,,,,
meta,meta.case_id,Case id,,ref_c2_150kg,,,,
meta,meta.title,Title,,Reference C2 — 150 kg LEO EO bus,,,,
meta,meta.class,Satellite class,,smallsat_150,,,,
meta,meta.families,Families to search,,,,,,
req,req.ape,Absolute pointing error (APE),Degree,,,,,
req,req.ake,Absolute knowledge error (AKE),Degree,,,,,
req,req.rpe,Relative pointing error (RPE),Degree,,,,,
req,req.pde,Pointing drift error (PDE),Degree,,,,,
req,req.rks,Rate stability,DegreePerSecond,,,,,
req,req.rke,Relative knowledge error (RKE),Degree,,,,,
req,req.slew,Reference slew time,Second,60.0,,,,idmas_v2 §09: 30 degrees in 60 s
req,req.settle,Settling time after a slew,Second,,,,,
req,req.spo,Slews per orbit,Count,,,,,
req,req.track,Target-tracking rate,DegreePerSecond,,,,,
req,req.wmax,Maximum body rate,DegreePerSecond,,,,,
req,req.detumble,Detumble time,Minute,,,,,
req,req.sunacq,Sun-acquisition time in safe mode,Minute,,,,,
req,req.faults,Faults tolerated,Count,,,,,
req,req.recover,Recovery time after a single fault,Minute,,,,,
req,req.hsat,Momentum saturation margin,One,,,,,"fraction of the stored momentum left unused, 0 to 1"
req,req.dump,Momentum dump interval,Hour,,,,,
req,req.mass,ADCS mass,Kilogram,,,,,
req,req.pavg,ADCS orbit-average power,Watt,,,,,
req,req.ppk,ADCS peak power,Watt,,,,,
req,req.vol,ADCS volume,Litre,,,,,
req,req.prop,RCS propellant per year,Kilogram,,,,,
mission,mission.life,Mission lifetime,Year,,,,,
mission,mission.epoch,Launch epoch,Year,,,,,years after J2000.0: 27.0 is early 2027
mission,mission.duty,Fine-pointing duty cycle,One,,,,,"fraction of the orbit in fine pointing, 0 to 1"
mission,mission.spd,Slews per day,Count,,,,,slews per day
mission,mission.sangle,Reference slew angle,Degree,30.0,,,,idmas_v2 §09
mission,mission.w0,Initial tumble rate after separation,DegreePerSecond,,,,,
orbit,orbit.alt,Altitude,Kilometre,,,,,
orbit,orbit.inc,Inclination,Degree,,,,,
orbit,orbit.ecc,Eccentricity,One,,,,,
orbit,orbit.ltan,LTAN,Hour,,,,,"local time of the ascending node, hours"
mass,mass.m,Satellite mass,Kilogram,150.0,,,,idmas_v2 §09: the stated bus class
mass,mass.imax,Largest principal inertia,KilogramSquareMetre,,,,,IDMAS v2 §09 does not state the inertia; unstated until the case owner does
mass,mass.iint,Intermediate principal inertia,KilogramSquareMetre,,,,,
mass,mass.imin,Smallest principal inertia,KilogramSquareMetre,,,,,unstated
mass,mass.cm,Centre-of-mass offset,Millimetre,,,,,centre-of-mass offset from the geometric centre
mass,mass.iunc,Inertia uncertainty,One,,,,,"fraction, 0 to 1"
surface,surface.afr,Frontal area,SquareMetre,,,,,
surface,surface.cpa,Aerodynamic centre-of-pressure offset,Metre,,,,,
surface,surface.asun,Sunlit area,SquareMetre,,,,,
surface,surface.cps,Solar centre-of-pressure offset,Metre,,,,,
surface,surface.refl,Surface reflectivity,One,,,,,
surface,surface.cd,Drag coefficient,One,,,,,
magnetic,magnetic.dres,Residual dipole,AmpereSquareMetre,,,,,
magnetic,magnetic.dunc,Residual dipole uncertainty,AmpereSquareMetre,,,,,
flex,flex.fmode,First flexible mode frequency,Hertz,,,,,
flex,flex.mpart,Modal participation,One,,,,,"fraction, 0 to 1"
resources,resources.palloc,Power allocated to the ADCS,Watt,,,,,
resources,resources.malloc,Mass allocated to the ADCS,Kilogram,,,,,
resources,resources.valloc,Volume allocated to the ADCS,Litre,,,,,
resources,resources.vbus,Bus voltage,Volt,,,,,
resources,resources.nif,OBC data interfaces offered,Count,,,,,OBC data interfaces offered to the ADCS
pointing,pointing.et,Thermal distortion contribution,Degree,,,,,
