run,ape_los_p9973,ape_los_max,ape_3ax_p9973,ake_los_p9973,rate_stability_p9973,time_to_0p01_deg,wheel_momentum_peak,power_mean,edge_case,edge_high,inertia_scale_x,inertia_scale_y,inertia_scale_z
1,0.0154872465,0.0176432358,0.0155205877,0.00321894167,0.00380841321,66.9,0.00327540192,1.55727529,1,0,0.9,1.1,0.9
2,0.0199009454,0.0224058415,0.0199999287,0.00279236261,0.00369780066,67.3,0.00328475179,1.55673872,1,1,1.1,0.9,1.1
3,0.0203824104,0.0236759769,0.0205536316,0.00281598403,0.00384168201,66.6,0.00344283342,1.55675265,2,0,NaN,NaN,NaN
4,0.00926254839,0.0122165398,0.00932706848,0.00284523728,0.00356868567,88.7,0.00365114461,1.56427135,2,1,NaN,NaN,NaN
5,0.0103369106,0.013040442,0.0104800706,0.00400346853,0.00360870046,67.4,0.00327229939,1.55728828,3,0,NaN,NaN,NaN
6,0.0127345651,0.0155838335,0.0128059337,0.00353512584,0.00371302177,67.8,0.00328808712,1.55666391,3,1,NaN,NaN,NaN
7,0.00750348265,0.0101033622,0.00871549033,0.00324567506,0.00359284286,66.4,0.00331199881,1.55669204,4,0,NaN,NaN,NaN
8,0.00659382228,0.00774224803,0.0070541794,0.00339738934,0.00370476178,86.2,0.00328111365,1.55644599,4,1,NaN,NaN,NaN
9,0.00839046094,0.010775327,0.00869600811,0.00357888796,0.00368750081,66.1,0.0033036907,1.55719276,5,0,NaN,NaN,NaN
10,0.0203458975,0.0233574701,0.0204872445,0.00319413483,0.00389312806,83.2,0.00328634803,1.55684082,5,1,NaN,NaN,NaN
11,0.00833989549,0.0114770507,0.00834544554,0.00281396424,0.00367682275,68.9,0.00327298335,1.55673802,6,0,NaN,NaN,NaN
12,0.0121512805,0.0147250527,0.0121828827,0.00341585628,0.00356646761,67.9,0.00330765014,1.55673727,6,1,NaN,NaN,NaN
13,0.0128674443,0.016105418,0.0133151792,0.004166393,0.00385151822,57.4,0.00328429321,1.55622339,7,0,NaN,NaN,NaN
14,0.0128641611,0.0149566576,0.0129524489,0.0035016356,0.00359563276,86.8,0.00325528869,1.5565732,7,1,NaN,NaN,NaN
15,0.00818045892,0.00933507735,0.00825656168,0.00307261736,0.00352221874,67.3,0.00363895996,1.56088451,0,1,1.1,0.9,1.1
