run,detumble_time,power_mean,power_peak,inertia_scale_x,inertia_scale_y,inertia_scale_z,mass_kg,residual_dipole_Am2,cm_offset_mm,F107,initial_rate_deg_s,arg_lat_deg
1,49.0733333,0.0273736175,0.629780273,1.04823154,1.06841823,0.952286963,3.8667409,0.00614796821,21.2048835,86.9332519,13.3542862,347.980162
2,47.7733333,0.0152983523,0.205953369,0.971158937,0.979510677,1.09433247,3.89611437,0.0124886983,28.3533889,76.0889111,5.16367344,196.760313
3,51.5733333,0.0146887529,0.170496826,0.974948632,0.926758751,1.09361813,4.02034647,0.0068906405,18.8049326,137.90571,5.22068032,61.5452429
4,70.6566667,0.0326127315,0.629985352,1.0549917,1.01609614,0.925447335,3.92193099,0.0143867367,24.0118507,165.286637,12.7510805,356.722415
5,38.8066667,0.0186712792,0.412825928,1.05500612,0.910917288,0.911904157,4.18187526,0.0194524144,29.7220357,107.866425,14.7572351,106.504527
6,75.24,0.031656164,0.463894043,0.999619621,0.933927033,1.03444842,3.8645639,0.0135832107,13.0776191,207.709757,9.75802999,329.580405
7,61.8066667,0.0168076167,0.467406006,0.918169074,0.955530831,1.08642223,3.9742355,0.0116997975,23.7928192,151.581707,11.8768488,196.423896
8,31.1566667,0.0142654439,0.216060791,0.963150286,1.06224894,0.916862391,4.10314739,0.008623199,23.0024171,101.355265,7.85095543,266.831109
9,56.69,0.0260092551,0.347955322,0.99846084,0.977394326,1.07313827,3.91664948,0.0161650029,11.8032606,98.9000927,10.4633987,56.9338919
10,53.2066667,0.0354960323,0.614047852,1.04977574,0.930741375,0.960625484,4.16787801,0.0183433948,16.1027442,125.235985,11.3207623,310.517067
11,33.94,0.0157237082,0.314117432,0.924604155,0.984577619,0.900476024,3.98977634,0.0181413535,23.0742428,182.815351,8.41916563,146.63955
12,41.2233333,0.018635614,0.476224365,0.991822478,0.974949271,1.07439427,4.15255261,0.0173996547,25.1344082,87.9007707,13.2646494,318.648973
13,55.1733333,0.021917132,0.400272217,0.97226605,1.07840054,1.00104251,4.19214078,0.00995516974,26.9441787,192.531044,11.4187588,202.320483
14,54.7566667,0.0318036927,0.446092529,1.01419255,0.946564667,1.04081389,4.1483439,0.00794379395,26.3950202,162.442597,11.695698,130.640343
15,43.3233333,0.033379438,0.625114746,1.07136327,0.954519042,1.0350946,3.82790026,0.0107319897,28.0645556,117.39507,12.2741062,306.121112
16,55.34,0.022832148,0.281934814,1.02281103,0.952376081,0.937962574,3.96729075,0.0193198236,14.5833706,89.0565404,8.70645253,273.9493
17,23.54,0.0114301473,0.132366943,1.08677496,0.91674999,0.967500279,3.99336446,0.0105136522,22.2711804,213.917229,6.39933527,282.22586
18,40.0566667,0.0196496429,0.256494141,0.996040679,0.97206403,1.07099475,3.96724833,0.0154336192,27.2870595,87.8384004,6.39868336,151.083911
19,51.3233333,0.0161190894,0.202185059,0.979235014,0.930811506,0.918463741,4.07675081,0.00652360187,11.7629807,177.33644,7.04569396,88.4275795
20,40.4566667,0.0199921807,0.553326416,1.0431731,0.919202457,0.930493001,3.99009318,0.00720139678,20.8149987,114.189309,14.6260854,155.732233
21,42.49,0.0278172412,0.638027344,1.02188347,1.00034402,1.06395361,4.04940722,0.0171137312,13.217854,204.114965,11.3797585,323.629714
22,55.6733333,0.0264723051,0.331911621,1.0538436,1.0963247,1.00203896,4.04371478,0.00569402903,26.1379039,216.132638,10.7042739,265.397414
23,37.19,0.0191374187,0.126518555,1.00980705,1.09870673,0.96155408,3.96464811,0.0177694186,11.1561975,122.917359,5.3505411,238.240291
24,53.4733333,0.026298897,0.422684326,0.909170035,0.988505511,0.936614334,3.92337989,0.00724785469,22.3152869,146.833605,9.41354919,145.795371
